distance_travelled,brand,engine_capacity,year_of_creation,engine_type,price,hp
298000.0,Фольксваген,1.4,2011.0,бензин,850000.0,122.0
343467.0,Хонда,1.5,2002.0,бензин,250000.0,105.0
95100.0,Мицубиси,1.8,2014.0,бензин,1650000.0,140.0
185000.0,Хендай,1.4,2018.0,бензин,830000.0,100.0
39000.0,Шевроле,1.5,2021.0,бензин,1380000.0,113.0
87000.0,Ауди,2.0,2015.0,бензин,3549999.0,230.0
162671.0,Мини,1.6,2007.0,бензин,985000.0,174.0
5000.0,Zeekr,1.8,2011.0,электро,5500000.0,536.0
178000.0,Ленд,3.0,2017.0,дизель,5640000.0,249.0
251000.0,Мицубиси,2.3,2015.0,дизель,2550000.0,148.0
67000.0,Тойота,2.5,2018.0,бензин,4300000.0,152.0
64588.0,Тойота,1.0,2016.0,бензин,1190000.0,69.0
40000.0,Хонда,1.5,2019.0,бензин,3150000.0,150.0
38800.0,Мицубиси,2.3,2015.0,дизель,4295000.0,145.0
84074.0,Тойота,1.6,2014.0,бензин,1628000.0,122.0
99219.0,Фольксваген,1.4,2013.0,бензин,1242000.0,150.0
207705.0,Форд,1.6,2006.0,бензин,420000.0,115.0
235000.0,Лада,1.5,2015.0,бензин,100000.0,76.0
120000.0,Лада,1.6,2015.0,бензин,285000.0,80.0
328417.0,Фольксваген,1.6,1990.0,бензин,130000.0,72.0
92213.0,Вольво,2.0,2010.0,бензин,4080000.0,249.0
111111.0,Тойота,1.8,2018.0,бензин,1800000.0,98.0
200000.0,LADA,1.6,2017.0,бензин,800000.0,102.0
260000.0,Фольксваген,2.0,2012.0,дизель,1700000.0,180.0
15353.0,Чанган,1.4,2015.0,бензин,2099444.0,150.0
86800.0,LADA,1.6,2020.0,бензин,930000.0,106.0
95100.0,Ниссан,1.6,2015.0,бензин,880000.0,117.0
50200.0,Мини,1.5,2021.0,бензин,2949667.0,136.0
80000.0,Тойота,1.5,2010.0,бензин,1500000.0,110.0
276000.0,Лада,1.6,2015.0,бензин,285000.0,81.0
147000.0,Киа,2.4,2020.0,бензин,2150000.0,175.0
147000.0,Мини,1.6,2012.0,бензин,1150000.0,122.0
206815.0,Ленд,4.4,2017.0,дизель,4619000.0,339.0
168000.0,Рено,1.4,2003.0,бензин,300000.0,92.0
87091.0,Инфинити,3.5,2015.0,бензин,2147000.0,265.0
160000.0,Рено,1.6,2008.0,бензин,490000.0,87.0
86892.0,Форд,1.5,2018.0,бензин,1450000.0,150.0
53468.0,Ленд,2.0,2019.0,дизель,3800000.0,240.0
78000.0,Хендай,1.1,2010.0,бензин,680000.0,67.0
159000.0,Тойота,2.0,2014.0,бензин,1150000.0,152.0
213000.0,Ниссан,1.8,2008.0,бензин,579000.0,126.0
334000.0,Шевроле,1.5,2013.0,бензин,390000.0,106.0
222280.0,Ауди,1.4,2013.0,бензин,800000.0,125.0
199619.0,Форд,2.0,2012.0,бензин,920000.0,150.0
35000.0,Рено,2.0,2017.0,бензин,1799000.0,143.0
27049.0,Джили,1.5,2022.0,бензин,2320000.0,177.0
196309.0,Фольксваген,2.0,2018.0,дизель,2970000.0,140.0
140849.0,Фольксваген,1.8,2014.0,бензин,1349000.0,152.0
193000.0,Хендай,1.4,2014.0,бензин,825000.0,107.0
90952.0,БМВ,3.0,2013.0,дизель,5190000.0,249.0
118564.0,Мазда,2.0,2015.0,бензин,2490000.0,150.0
55000.0,Опель,1.6,2020.0,бензин,2649000.0,150.0
220000.0,БМВ,2.0,2015.0,дизель,2100000.0,190.0
32007.0,Ситроен,1.6,2014.0,бензин,1849000.0,150.0
127335.0,Фольксваген,2.0,2018.0,дизель,4399000.0,180.0
246000.0,Крайслер,2.4,2000.0,бензин,270000.0,150.0
136000.0,Тойота,2.0,2012.0,бензин,3100000.0,150.0
139000.0,Saab,2.3,2019.0,бензин,550000.0,146.0
328784.0,Тойота,4.0,1985.0,дизель,1250000.0,103.0
65243.0,Чери,1.5,2014.0,бензин,1350000.0,113.0
183924.0,Киа,1.6,2007.0,бензин,539000.0,122.0
41044.0,Лада,1.6,2015.0,бензин,160000.0,72.0
104000.0,Мерседес,2.0,2017.0,бензин,3700000.0,184.0
167762.0,Фольксваген,2.0,2012.0,бензин,1385700.0,170.0
249030.0,Рено,1.6,2013.0,бензин,786800.0,84.0
68700.0,Джили,2.4,2020.0,бензин,1930000.0,149.0
149541.0,Фольксваген,1.4,2012.0,бензин,1100000.0,122.0
84760.0,Киа,1.6,2012.0,бензин,1030000.0,123.0
70000.0,Лексус,2.0,2015.0,бензин,5450000.0,238.0
70494.0,Фольксваген,1.6,2017.0,бензин,1240000.0,110.0
60448.0,Киа,1.6,2019.0,бензин,1750000.0,128.0
77299.0,Донг,1.6,2010.0,бензин,750000.0,117.0
260000.0,Peugeot,2.0,2015.0,бензин,290000.0,136.0
138000.0,Киа,1.6,2016.0,бензин,1099000.0,123.0
205000.0,Шевроле,1.5,2006.0,бензин,190000.0,86.0
87000.0,Хендай,1.8,2014.0,бензин,1450000.0,150.0
106212.0,Киа,2.5,2015.0,бензин,2650000.0,194.0
65000.0,LADA,1.6,2018.0,бензин,999000.0,106.0
40000.0,Тойота,2.0,2014.0,бензин,3899000.0,149.0
73000.0,Хендай,2.0,2018.0,бензин,2159000.0,150.0
300000.0,Тойота,2.0,2014.0,бензин,1419000.0,158.0
346222.0,Хендай,1.5,2008.0,бензин,300000.0,102.0
36667.0,Чери,1.5,2014.0,бензин,1250000.0,113.0
140000.0,Мерседес,2.0,2019.0,дизель,3450000.0,194.0
201000.0,Рено,1.4,2002.0,бензин,295000.0,75.0
200000.0,Лада,1.5,2015.0,бензин,170000.0,72.0
314000.0,Киа,2.0,2010.0,бензин,809000.0,141.0
210856.0,Хонда,2.4,2013.0,бензин,1540000.0,180.0
31000.0,Мерседес,3.0,2020.0,бензин,7500000.0,367.0
90000.0,Ситроен,2.0,2021.0,дизель,3399000.0,150.0
382000.0,Джип,3.6,2010.0,бензин,1299000.0,286.0
120448.0,LADA,1.6,2020.0,бензин,1149000.0,106.0
170000.0,Ленд,5.0,2019.0,бензин,9250000.0,525.0
189000.0,Сеат,1.2,2013.0,бензин,899000.0,105.0
242000.0,Форд,1.8,2008.0,бензин,600000.0,125.0
246000.0,Ленд,2.7,2007.0,дизель,1199000.0,190.0
225000.0,Киа,2.0,2011.0,бензин,1019000.0,150.0
374450.0,Рено,1.6,2010.0,бензин,435000.0,84.0
192500.0,БМВ,2.0,2013.0,бензин,1040000.0,136.0
280000.0,Тойота,2.0,2014.0,бензин,430000.0,135.0
10600.0,Рено,1.6,2020.0,бензин,1420000.0,102.0
160064.0,Peugeot,1.6,2015.0,бензин,580000.0,120.0
174000.0,Ауди,2.0,2014.0,бензин,2750000.0,249.0
86000.0,Хендай,2.0,2018.0,бензин,1949000.0,150.0
79000.0,Хавейл,2.0,2017.0,бензин,2049000.0,190.0
142000.0,Рено,1.6,2017.0,бензин,1099000.0,102.0
201000.0,Тойота,2.0,2015.0,бензин,1700000.0,150.0
256000.0,Мицубиси,3.0,2000.0,бензин,500000.0,177.0
405000.0,Додж,2.7,2002.0,бензин,333333.0,200.0
125000.0,Ниссан,1.2,2017.0,бензин,1459000.0,115.0
83570.0,Фольксваген,1.4,2018.0,бензин,2185300.0,125.0
130610.0,LADA,1.6,2018.0,бензин,895000.0,106.0
75000.0,Фольксваген,3.0,2018.0,дизель,6190000.0,286.0
119114.0,Фольксваген,2.0,2021.0,бензин,3950000.0,220.0
121000.0,Рено,1.6,2017.0,бензин,1380000.0,114.0
70000.0,Мерседес,3.0,2019.0,бензин,8750000.0,367.0
186042.0,Хендай,1.6,2015.0,бензин,849000.0,123.0
41848.0,LADA,1.6,2022.0,бензин,819000.0,90.0
167094.0,Фольксваген,2.0,2010.0,бензин,1199000.0,170.0
166137.0,Лексус,5.7,2015.0,бензин,5200000.0,367.0
124800.0,Хендай,2.0,2019.0,бензин,2220000.0,150.0
145800.0,Шевроле,1.8,2013.0,бензин,1050000.0,141.0
191700.0,Мерседес,1.8,2009.0,бензин,1220000.0,184.0
181000.0,Хендай,1.6,2010.0,бензин,800000.0,126.0
123.0,Эксид,2.0,2023.0,бензин,3750000.0,249.0
209213.0,Peugeot,1.6,2015.0,бензин,370000.0,109.0
70494.0,Фольксваген,1.6,2017.0,бензин,1240000.0,110.0
60448.0,Киа,1.6,2019.0,бензин,1750000.0,128.0
300000.0,Тойота,1.6,1996.0,бензин,240000.0,115.0
54000.0,Шкода,1.4,2005.0,бензин,185000.0,75.0
119000.0,Ленд,3.0,2021.0,дизель,7990000.0,249.0
96272.0,Фольксваген,2.0,2019.0,бензин,2700000.0,180.0
74400.0,Киа,2.5,2021.0,бензин,3500000.0,179.0
150267.0,Шкода,1.6,2013.0,бензин,750000.0,105.0
43900.0,LADA,1.8,2021.0,бензин,1470000.0,122.0
153968.0,Рено,2.0,2018.0,бензин,1530000.0,143.0
220000.0,Шевроле,1.6,2011.0,бензин,660000.0,124.0
361000.0,Фольксваген,1.6,1999.0,бензин,340000.0,100.0
127000.0,СсангЙонг,2.0,2013.0,бензин,1230000.0,149.0
132000.0,Форд,1.6,2014.0,бензин,920000.0,105.0
69000.0,Мицубиси,2.0,2018.0,бензин,2240000.0,146.0
215000.0,Ниссан,2.0,2011.0,бензин,1150000.0,141.0
149651.0,Тойота,2.2,2014.0,дизель,2678000.0,150.0
135000.0,Лада,1.6,2015.0,бензин,350000.0,89.0
128687.0,LADA,1.6,2021.0,бензин,1320000.0,90.0
90000.0,Рено,1.6,2018.0,бензин,1230000.0,114.0
49000.0,Ситроен,2.0,2020.0,дизель,4119000.0,150.0
202000.0,Ниссан,3.5,2009.0,бензин,1149000.0,249.0
192380.0,Опель,1.6,2007.0,бензин,335000.0,105.0
80000.0,ГАЗ,2.4,2024.0,бензин,380000.0,100.0
225000.0,Вольво,2.4,2010.0,дизель,2249000.0,181.0
101000.0,Шкода,1.6,2018.0,бензин,1645000.0,110.0
226000.0,Лада,1.6,2015.0,бензин,185000.0,89.0
238000.0,Мерседес,3.5,2005.0,бензин,890000.0,272.0
270000.0,БМВ,2.5,2013.0,бензин,1200000.0,218.0
204591.0,Киа,2.0,2014.0,бензин,1370000.0,150.0
286500.0,Киа,1.6,2006.0,бензин,260000.0,101.0
135400.0,Киа,1.2,2011.0,бензин,820000.0,85.0
177000.0,Ауди,3.0,2016.0,бензин,2590000.0,333.0
196000.0,Тойота,2.2,2014.0,дизель,2199998.0,150.0
177000.0,Шкода,1.2,2012.0,бензин,750000.0,105.0
175488.0,Мерседес,2.1,2017.0,дизель,2945000.0,204.0
249000.0,Тойота,4.0,2006.0,бензин,1750000.0,249.0
236000.0,Шевроле,1.7,2004.0,бензин,215000.0,80.0
358000.0,УАЗ,2.7,2010.0,бензин,205000.0,128.0
230500.0,Тойота,3.0,2012.0,дизель,2199000.0,170.0
207270.0,Киа,1.6,2014.0,бензин,920000.0,129.0
327000.0,Фольксваген,1.6,2015.0,бензин,700000.0,105.0
1620.0,Мерседес,1.6,2015.0,дизель,7300000.0,160.0
300000.0,Мицубиси,1.6,2005.0,бензин,270000.0,98.0
100000.0,Киа,2.5,2021.0,бензин,4200000.0,180.0
200000.0,Шкода,1.4,2013.0,бензин,1140000.0,140.0
260000.0,Тойота,4.0,2006.0,бензин,2750000.0,239.0
230000.0,LADA,1.6,2013.0,бензин,270000.0,87.0
54700.0,Чери,1.6,2018.0,бензин,1979000.0,186.0
99416.0,Тойота,2.7,2014.0,бензин,3479000.0,163.0
102000.0,Киа,2.0,2019.0,бензин,2199000.0,150.0
155000.0,Хендай,2.2,2018.0,дизель,3140000.0,190.0
153236.0,Шкода,1.4,2019.0,бензин,2330000.0,150.0
97326.0,Хендай,2.0,2021.0,бензин,1980000.0,150.0
187600.0,Киа,1.6,2016.0,бензин,1050000.0,123.0
20000.0,Эксид,2.0,2023.0,бензин,2917000.0,197.0
184737.0,Мерседес,5.5,2013.0,бензин,5750000.0,544.0
106000.0,Тойота,2.5,2021.0,бензин,3048000.0,200.0
249000.0,Мазда,2.0,2013.0,бензин,780000.0,150.0
250000.0,БМВ,2.5,2015.0,бензин,500000.0,170.0
142000.0,Вольво,2.0,2010.0,дизель,3249000.0,190.0
87291.0,Шкода,1.4,2016.0,бензин,1735700.0,150.0
108340.0,Хонда,2.4,2012.0,бензин,1755900.0,200.0
215782.0,БМВ,2.0,2013.0,бензин,1853800.0,184.0
303000.0,Peugeot,1.6,2015.0,бензин,349000.0,109.0
67189.0,Мерседес,2.0,2022.0,бензин,5950000.0,197.0
98300.0,Фольксваген,1.4,2018.0,бензин,1300000.0,125.0
594000.0,БМВ,2.9,2013.0,дизель,750000.0,184.0
278000.0,Ниссан,1.5,2005.0,бензин,449990.0,98.0
224268.0,Форд,2.0,2001.0,бензин,230000.0,129.0
134239.0,Киа,2.4,2018.0,бензин,2100000.0,188.0
152292.0,Вольво,2.4,2010.0,дизель,2550000.0,181.0
73705.0,Киа,2.2,2020.0,дизель,3400000.0,200.0
69946.0,Мерседес,2.0,2020.0,бензин,4950000.0,197.0
149000.0,БМВ,2.0,2013.0,бензин,2690000.0,184.0
275000.0,БМВ,2.0,2015.0,дизель,2800000.0,190.0
125289.0,Киа,2.0,2016.0,бензин,1595000.0,150.0
195000.0,Шкода,1.2,2012.0,бензин,840000.0,105.0
87628.0,Peugeot,1.6,2015.0,бензин,2050000.0,150.0
136030.0,Ситроен,2.0,2021.0,дизель,3490000.0,150.0
137000.0,Лада,1.6,2015.0,бензин,215000.0,81.0
75046.0,Хавейл,2.0,2017.0,бензин,2199000.0,190.0
180953.0,Фольксваген,1.6,2013.0,бензин,639000.0,105.0
211432.0,Мицубиси,3.0,2010.0,бензин,1589000.0,178.0
112409.0,Peugeot,1.6,2015.0,бензин,950000.0,150.0
89330.0,Лексус,2.7,2015.0,бензин,2890000.0,188.0
129111.0,Ягуар,3.0,2016.0,бензин,3495000.0,340.0
35874.0,Джили,2.0,2021.0,бензин,2899000.0,238.0
78035.0,Лексус,5.7,2015.0,бензин,9679000.0,367.0
69108.0,БМВ,2.0,2015.0,дизель,4799000.0,190.0
340000.0,Форд,1.6,2008.0,бензин,430000.0,100.0
258104.0,Хендай,1.5,2008.0,бензин,440000.0,102.0
27663.0,Чери,2.0,2018.0,бензин,3070000.0,197.0
83332.0,Хендай,1.6,2017.0,бензин,1250000.0,123.0
163343.0,Хендай,2.0,2010.0,бензин,1360000.0,150.0
77299.0,Донг,1.6,2010.0,бензин,750000.0,117.0
240000.0,Хендай,2.0,2017.0,бензин,1350000.0,150.0
145039.0,Ниссан,2.0,2011.0,бензин,1530000.0,141.0
371000.0,Хендай,1.5,2005.0,бензин,450000.0,102.0
95853.0,Чери,1.6,2018.0,бензин,2000000.0,186.0
213219.0,Мерседес,3.5,2013.0,бензин,1690000.0,306.0
92160.0,Фольксваген,1.6,2015.0,бензин,1199000.0,105.0
208781.0,Киа,2.0,2011.0,бензин,1200000.0,150.0
128556.0,Фольксваген,2.0,2018.0,дизель,5200000.0,204.0
205000.0,Субару,2.0,2015.0,бензин,1690000.0,280.0
6345.0,БМВ,2.0,2013.0,дизель,7700000.0,190.0
132559.0,Мерседес,2.0,2015.0,бензин,2380000.0,184.0
13978.0,Генезис,2.0,2010.0,бензин,3270000.0,197.0
78625.0,Инфинити,2.0,2010.0,бензин,2220000.0,211.0
193947.0,Бентли,6.0,2013.0,бензин,4000000.0,625.0
219075.0,Тойота,2.5,2018.0,бензин,2266000.0,181.0
125518.0,Тойота,4.7,2007.0,бензин,2799000.0,288.0
22000.0,LADA,1.6,2023.0,бензин,920000.0,90.0
58395.0,Хавейл,1.5,2017.0,бензин,1999000.0,150.0
107835.0,Хендай,2.0,2019.0,бензин,1850000.0,149.0
73479.0,Ситроен,2.0,2020.0,дизель,2409000.0,150.0
169955.0,LADA,1.6,2018.0,бензин,698000.0,87.0
217321.0,Ниссан,2.0,2013.0,бензин,1234000.0,141.0
118236.0,Киа,1.4,2019.0,бензин,1759000.0,140.0
142574.0,БМВ,2.0,2013.0,дизель,2020000.0,184.0
62000.0,Киа,1.6,2019.0,бензин,1899000.0,128.0
60820.0,Рено,1.3,2021.0,бензин,1959000.0,150.0
192068.0,Мазда,2.0,2016.0,бензин,1229000.0,147.0
111687.0,Киа,1.6,2017.0,бензин,1247000.0,123.0
93000.0,Хонда,1.5,2018.0,бензин,1655000.0,131.0
125000.0,Шкода,1.4,2012.0,бензин,520000.0,80.0
193438.0,Мерседес,1.6,2015.0,бензин,1930000.0,156.0
61151.0,Хавейл,2.0,2017.0,бензин,1862000.0,190.0
180000.0,Мазда,2.3,2017.0,бензин,949000.0,238.0
24590.0,Джетур,1.6,2010.0,бензин,2400000.0,190.0
145000.0,Форд,1.4,2005.0,бензин,230000.0,80.0
124400.0,Рено,1.5,2016.0,дизель,1049000.0,109.0
155000.0,Опель,1.2,2011.0,бензин,560000.0,85.0
80014.0,Киа,2.0,2019.0,бензин,1920000.0,150.0
22926.0,БМВ,1.8,2022.0,электро,7300000.0,326.0
270000.0,Хонда,1.8,2008.0,бензин,762000.0,140.0
81716.0,Фольксваген,3.6,2014.0,бензин,2995000.0,249.0
104996.0,Киа,2.5,2015.0,бензин,2799000.0,194.0
220000.0,Опель,1.8,2009.0,бензин,635000.0,140.0
41779.0,Шкода,1.4,2021.0,бензин,2319000.0,150.0
24796.0,Киа,1.6,2022.0,бензин,2025000.0,123.0
221000.0,LADA,1.6,2010.0,бензин,350000.0,98.0
14468.0,Ауди,2.0,2016.0,бензин,7400000.0,245.0
330000.0,БМВ,2.0,2012.0,бензин,400000.0,150.0
68500.0,Киа,1.6,2016.0,бензин,1150000.0,123.0
262000.0,Лада,1.5,2015.0,бензин,119999.0,91.0
265000.0,Шевроле,2.2,2014.0,дизель,1167000.0,184.0
201400.0,Мицубиси,2.0,2013.0,бензин,1314000.0,146.0
135065.0,Хендай,1.6,2020.0,бензин,1606000.0,123.0
259000.0,Шкода,1.8,2012.0,бензин,944000.0,152.0
56000.0,Тойота,1.8,2021.0,бензин,2750000.0,95.0
95000.0,Тойота,1.8,2019.0,бензин,2498000.0,99.0
72352.0,Мерседес,2.9,2020.0,дизель,8550000.0,330.0
96004.0,Шкода,1.4,2018.0,бензин,2547000.0,150.0
173000.0,Шкода,1.4,2009.0,бензин,495000.0,86.0
164933.0,Мерседес,3.0,2014.0,бензин,2999000.0,333.0
298054.0,LADA,1.6,2018.0,бензин,499000.0,87.0
173400.0,Ниссан,1.5,2008.0,бензин,515000.0,109.0
224000.0,Фольксваген,1.6,2016.0,бензин,800000.0,110.0
233412.0,Шкода,1.6,2008.0,бензин,520000.0,102.0
150000.0,Додж,6.7,2010.0,дизель,3999000.0,355.0
239784.0,Рено,2.0,2018.0,бензин,939777.0,143.0
205742.0,Тойота,2.4,2007.0,бензин,1150000.0,167.0
112284.0,Форд,1.5,2018.0,бензин,1670000.0,150.0
92000.0,Тойота,1.8,2017.0,бензин,2400000.0,98.0
416000.0,Ниссан,1.5,2002.0,бензин,320000.0,105.0
185982.0,Шкода,1.8,2014.0,бензин,1220800.0,180.0
106000.0,Мерседес,3.0,2015.0,дизель,3320000.0,249.0
302000.0,Фольксваген,1.6,1989.0,бензин,199000.0,72.0
234900.0,Шевроле,1.5,2014.0,бензин,160000.0,86.0
142056.0,Рено,2.0,2014.0,бензин,1050000.0,135.0
177000.0,Ниссан,1.6,2008.0,бензин,350000.0,107.0
48036.0,Киа,3.0,2022.0,дизель,5690000.0,249.0
290795.0,Форд,1.6,2012.0,бензин,605000.0,125.0
146898.0,LADA,1.6,2005.0,бензин,215000.0,81.0
106286.0,Мерседес,3.5,2011.0,бензин,1669000.0,272.0
219249.0,Фольксваген,1.4,2014.0,бензин,999000.0,122.0
97855.0,Ниссан,2.5,2018.0,бензин,2250000.0,171.0
144000.0,Киа,1.6,2020.0,бензин,1899000.0,123.0
51000.0,Киа,1.6,2013.0,бензин,1775000.0,123.0
93843.0,Рено,2.5,2013.0,бензин,1542444.0,171.0
378757.0,УАЗ,2.3,2008.0,дизель,350000.0,116.0
370916.0,Хендай,1.6,2019.0,бензин,799000.0,123.0
118000.0,Тойота,2.5,2018.0,бензин,2420000.0,181.0
153567.0,Мерседес,3.0,2017.0,бензин,3150000.0,367.0
160000.0,Мазда,2.3,2017.0,бензин,885000.0,238.0
171823.0,Фольксваген,3.0,2018.0,дизель,3149000.0,224.0
195300.0,Хендай,1.6,2016.0,бензин,815000.0,123.0
114819.0,Киа,1.6,2019.0,бензин,1280000.0,123.0
185075.0,Мазда,1.6,1999.0,бензин,200000.0,106.0
138000.0,БМВ,2.0,2015.0,дизель,3549000.0,190.0
59996.0,Фольксваген,1.6,2021.0,бензин,1780000.0,110.0
36000.0,Мазда,2.5,2015.0,бензин,3300000.0,194.0
85089.0,БМВ,3.0,2015.0,дизель,4899000.0,249.0
189425.0,Мерседес,5.5,2013.0,бензин,4750000.0,544.0
219000.0,Форд,2.0,2007.0,бензин,598000.0,145.0
150912.0,БМВ,2.0,2011.0,бензин,1365000.0,150.0
143615.0,Форд,1.5,2018.0,бензин,1618000.0,150.0
207541.0,Рено,1.6,2007.0,бензин,415000.0,87.0
132738.0,Тойота,3.5,2019.0,бензин,2920500.0,249.0
90000.0,Тойота,1.8,2015.0,бензин,1550000.0,99.0
250000.0,БМВ,1.9,2013.0,бензин,600000.0,118.0
200000.0,БМВ,2.0,2013.0,дизель,1650000.0,184.0
45193.0,Мерседес,2.0,2022.0,дизель,5710000.0,194.0
299000.0,Ленд,3.0,2010.0,дизель,1475000.0,245.0
205574.0,Форд,1.4,2008.0,бензин,404000.0,80.0
64653.0,Volvo,2.0,2010.0,дизель,5190000.0,197.0
182000.0,Мицубиси,2.4,2012.0,бензин,1249000.0,167.0
194378.0,Шкода,1.6,2012.0,бензин,795000.0,105.0
165000.0,Хонда,2.0,2013.0,бензин,1820000.0,143.0
103112.0,Тойота,2.5,2019.0,бензин,2640000.0,181.0
330000.0,Тойота,2.2,1997.0,дизель,450000.0,91.0
133000.0,Форд,2.0,2016.0,дизель,1847000.0,180.0
150000.0,Мерседес,1.6,2013.0,бензин,1229000.0,156.0
285000.0,Volvo,2.4,2010.0,бензин,699000.0,170.0
120861.0,СсангЙонг,2.0,2014.0,бензин,1210000.0,149.0
343840.0,Тойота,3.0,2014.0,дизель,2871000.0,173.0
149992.0,Джили,2.4,2019.0,бензин,1549000.0,149.0
197581.0,Шевроле,1.6,2011.0,бензин,550000.0,115.0
103000.0,Peugeot,1.6,2015.0,бензин,649000.0,120.0
128510.0,Инфинити,2.5,2010.0,бензин,1964000.0,222.0
168422.0,Мерседес,1.3,2019.0,бензин,1710000.0,136.0
116467.0,Мицубиси,2.0,2018.0,бензин,2091000.0,146.0
187055.0,Ниссан,1.6,2012.0,бензин,984000.0,114.0
231758.0,Субару,2.0,2006.0,бензин,660000.0,158.0
102011.0,Мазда,2.0,2015.0,бензин,2370000.0,150.0
266723.0,Рено,2.0,2010.0,бензин,595000.0,138.0
180000.0,Киа,1.6,2008.0,бензин,365000.0,101.0
285000.0,LADA,1.6,2013.0,бензин,280000.0,82.0
245000.0,Хендай,1.6,2012.0,бензин,850000.0,123.0
120000.0,Киа,2.4,2016.0,бензин,2100000.0,188.0
112000.0,Хавейл,2.0,2017.0,бензин,1679000.0,190.0
174000.0,Мини,1.5,2014.0,бензин,1900000.0,136.0
71200.0,Лифан,1.5,2010.0,бензин,650000.0,103.0
38869.0,Омода,1.5,2015.0,бензин,1899000.0,147.0
430000.0,БМВ,1.6,2013.0,бензин,380000.0,99.0
260360.0,БМВ,3.0,2015.0,дизель,2190000.0,245.0
300000.0,Форд,1.6,2004.0,бензин,160000.0,100.0
166000.0,Рено,1.6,2013.0,бензин,895000.0,106.0
2000.0,Хавейл,2.0,2017.0,бензин,3099999.0,190.0
14000.0,Чери,1.5,2014.0,бензин,1759000.0,147.0
121405.0,Ленд,2.0,2017.0,бензин,3635000.0,250.0
193836.0,LADA,1.8,2019.0,бензин,930000.0,122.0
164261.0,Шкода,1.8,2013.0,бензин,1150000.0,152.0
114115.0,Рено,2.0,2017.0,бензин,1425000.0,143.0
52000.0,Москвич,1.5,2015.0,бензин,200000.0,75.0
109308.0,Сеат,1.2,2012.0,бензин,786600.0,105.0
204884.0,Фольксваген,1.4,2017.0,бензин,1665000.0,150.0
228000.0,Шевроле,1.8,2015.0,бензин,545000.0,141.0
60000.0,Хавейл,2.0,2019.0,бензин,3125000.0,218.0
109004.0,Чери,2.0,2015.0,бензин,1095000.0,136.0
270000.0,Ауди,2.0,2015.0,бензин,1399000.0,211.0
109.0,Zeekr,1.8,2011.0,электро,6087000.0,146.0
299000.0,Тойота,1.8,2003.0,бензин,500000.0,132.0
267568.0,Форд,1.8,2001.0,бензин,170000.0,115.0
170000.0,Peugeot,1.6,2015.0,бензин,519000.0,120.0
44500.0,Шкода,1.6,2021.0,бензин,1970000.0,110.0
52000.0,Шкода,2.0,2021.0,бензин,3630000.0,180.0
326000.0,Лексус,3.5,2015.0,бензин,1380000.0,296.0
190800.0,Шевроле,1.6,2012.0,бензин,900000.0,109.0
230969.0,Тойота,4.0,2018.0,бензин,4099000.0,249.0
68000.0,LADA,1.8,2016.0,бензин,790000.0,122.0
40000.0,Джили,2.4,2021.0,бензин,1975000.0,148.0
121000.0,Ситроен,2.0,2019.0,дизель,1620000.0,150.0
130144.0,Хендай,1.6,2019.0,бензин,1429444.0,123.0
134000.0,Фольксваген,1.6,2011.0,бензин,900000.0,102.0
143719.0,Хонда,2.4,2014.0,бензин,1734000.0,194.0
121000.0,Киа,1.6,2020.0,бензин,1419000.0,123.0
215000.0,Фольксваген,1.6,2012.0,бензин,649000.0,105.0
139245.0,Хендай,1.6,2017.0,бензин,1259000.0,123.0
170000.0,Киа,3.8,2017.0,бензин,2005000.0,334.0
67194.0,Киа,2.0,2020.0,бензин,2195000.0,150.0
47000.0,Чери,1.5,2014.0,бензин,1549000.0,147.0
192000.0,Киа,2.5,2008.0,дизель,698000.0,170.0
58000.0,Хендай,2.2,2022.0,дизель,5500000.0,200.0
98000.0,Киа,2.0,2019.0,бензин,1788000.0,150.0
86000.0,Ниссан,2.0,2016.0,бензин,2000000.0,147.0
122286.0,Киа,2.5,2015.0,бензин,2299000.0,194.0
320000.0,Мерседес,3.0,2014.0,бензин,3090000.0,333.0
23000.0,Рено,1.6,2013.0,бензин,1350000.0,102.0
375000.0,Тойота,2.2,2000.0,бензин,590000.0,140.0
303055.0,Мазда,2.0,2015.0,бензин,1273000.0,150.0
238000.0,Тойота,2.4,2010.0,бензин,1500000.0,170.0
86000.0,Тойота,2.5,2018.0,бензин,2777000.0,181.0
80000.0,Хонда,1.5,2018.0,бензин,1925000.0,182.0
100000.0,Мерседес,3.5,2013.0,бензин,1800000.0,249.0
111437.0,Ниссан,2.0,2021.0,бензин,1750000.0,149.0
147000.0,Тойота,2.4,2014.0,бензин,3150000.0,150.0
171305.0,Мерседес,4.0,2017.0,бензин,4780000.0,469.0
220000.0,Фольксваген,1.8,2011.0,бензин,200000.0,75.0
27630.0,Сузуки,1.5,2022.0,бензин,1950000.0,105.0
17754.0,Джили,1.5,2023.0,бензин,2150000.0,150.0
137000.0,LADA,1.6,2021.0,бензин,950000.0,87.0
403398.0,Ауди,1.8,2014.0,бензин,500000.0,160.0
195000.0,Опель,1.6,2012.0,бензин,650000.0,115.0
104000.0,Фольксваген,1.6,2020.0,бензин,1800000.0,110.0
139300.0,Киа,1.6,2014.0,бензин,1200000.0,129.0
250000.0,Лада,1.5,2015.0,бензин,120000.0,91.0
260000.0,Тойота,1.5,2008.0,бензин,865000.0,76.0
24500.0,Рено,1.5,2017.0,дизель,1680000.0,109.0
268000.0,Тойота,1.8,2000.0,бензин,850000.0,192.0
100000.0,Джип,4.2,1980.0,бензин,299999.0,112.0
160000.0,Опель,1.5,2020.0,дизель,1599000.0,122.0
65502.0,Киа,1.6,2021.0,бензин,2150000.0,128.0
157278.0,Киа,2.0,2018.0,бензин,1900000.0,150.0
278000.0,Джип,3.0,2007.0,дизель,1185000.0,218.0
73666.0,Хендай,1.6,2019.0,бензин,1650000.0,123.0
123099.0,Peugeot,1.6,2015.0,бензин,825000.0,120.0
198179.0,Хендай,1.6,2017.0,бензин,1465000.0,128.0
140000.0,Хендай,1.7,2010.0,дизель,1370000.0,136.0
38000.0,Хендай,1.6,2018.0,бензин,1790000.0,123.0
292603.0,Фольксваген,2.5,2008.0,дизель,1691000.0,131.0
204000.0,Мерседес,2.1,2014.0,дизель,1799000.0,170.0
194000.0,Хендай,1.6,2015.0,бензин,1050000.0,123.0
13845.0,Фольксваген,2.0,2022.0,бензин,3149000.0,186.0
278604.0,Вольво,2.4,2010.0,дизель,1838000.0,185.0
66343.0,Шкода,1.6,2017.0,бензин,1460000.0,90.0
180.0,Шевроле,1.2,2023.0,бензин,1849000.0,132.0
64000.0,БМВ,3.0,2016.0,дизель,6500000.0,313.0
154000.0,Сузуки,1.6,2014.0,бензин,799000.0,107.0
101661.0,Ниссан,2.0,2021.0,бензин,2199000.0,144.0
19555.0,Хавейл,2.0,2023.0,бензин,2849000.0,192.0
33946.0,Форд,1.6,2017.0,бензин,1129000.0,105.0
86853.0,Peugeot,1.6,2015.0,бензин,2034140.0,150.0
186328.0,Мерседес,3.5,2013.0,бензин,2300000.0,249.0
10000.0,Порше,4.5,2006.0,бензин,2000000.0,450.0
160000.0,Тойота,2.0,1992.0,бензин,450000.0,225.0
70000.0,Фольксваген,1.6,2020.0,бензин,1469000.0,110.0
249496.0,Ауди,3.0,2015.0,дизель,1550000.0,239.0
144542.0,Опель,1.6,2010.0,бензин,750000.0,115.0
22000.0,Джили,1.5,2021.0,бензин,1899000.0,150.0
390000.0,Форд,2.0,2007.0,бензин,370000.0,145.0
82000.0,Вольво,2.0,2010.0,бензин,5099000.0,249.0
50188.0,Хавейл,2.0,2023.0,бензин,2700000.0,192.0
78562.0,Мазда,2.5,2015.0,бензин,2500000.0,192.0
178000.0,Форд,1.8,2008.0,бензин,600000.0,125.0
100.0,Чанган,2.0,2023.0,бензин,3250000.0,226.0
145373.0,Киа,1.6,2009.0,бензин,620000.0,122.0
54266.0,Рено,1.5,2021.0,дизель,2050000.0,109.0
253732.0,БМВ,2.5,2013.0,бензин,1170000.0,218.0
183138.0,Фольксваген,2.0,2013.0,дизель,1370000.0,140.0
30000.0,Ленд,2.0,2020.0,дизель,5150000.0,180.0
268712.0,LADA,1.6,2013.0,бензин,399990.0,98.0
10.0,ГАК,2.0,2018.0,бензин,5400000.0,231.0
147000.0,Опель,1.6,2015.0,бензин,1240000.0,170.0
35600.0,Рено,1.6,2019.0,бензин,1310000.0,102.0
127000.0,Фольксваген,1.6,2014.0,бензин,1050000.0,105.0
232000.0,Ленд,3.0,2013.0,дизель,3690000.0,249.0
337000.0,Мерседес,2.8,1998.0,бензин,550000.0,204.0
143000.0,Хендай,2.0,2015.0,бензин,1330000.0,150.0
25800.0,Киа,1.0,2021.0,бензин,1800000.0,100.0
45569.0,Киа,2.0,2022.0,бензин,2590000.0,150.0
107815.0,Шкода,1.6,2015.0,бензин,1390000.0,110.0
56000.0,Хавейл,1.5,2021.0,бензин,1795000.0,143.0
97000.0,LADA,1.6,2016.0,бензин,670000.0,106.0
128000.0,Фольксваген,2.0,2017.0,бензин,2899000.0,220.0
243000.0,Форд,1.6,2008.0,бензин,419000.0,100.0
235000.0,БМВ,2.0,2013.0,бензин,879000.0,136.0
150000.0,Тойота,4.7,2010.0,бензин,3499000.0,288.0
80000.0,Субару,2.0,1995.0,бензин,290000.0,220.0
110920.0,Мерседес,1.6,2018.0,бензин,2599000.0,150.0
91200.0,Шкода,2.0,2021.0,бензин,3299000.0,190.0
112056.0,Хендай,1.6,2020.0,бензин,1300000.0,123.0
444844.0,Тойота,2.0,2001.0,бензин,800000.0,160.0
62000.0,Опель,1.8,2015.0,бензин,1100000.0,140.0
210890.0,Форд,1.4,2005.0,бензин,379000.0,80.0
160000.0,Киа,2.0,2020.0,бензин,2300000.0,150.0
237000.0,Хендай,1.6,2010.0,бензин,680000.0,123.0
133246.0,Volvo,2.0,2010.0,бензин,3550000.0,250.0
123016.0,БМВ,2.0,2011.0,дизель,1800000.0,184.0
5000.0,Хавейл,1.5,2023.0,бензин,2269000.0,150.0
108300.0,Мазда,2.0,2016.0,бензин,1289000.0,147.0
143931.0,Ситроен,2.4,2012.0,бензин,1229000.0,170.0
168006.0,Фольксваген,1.4,2012.0,бензин,899000.0,122.0
90458.0,Мерседес,2.1,2018.0,дизель,4379000.0,136.0
292800.0,Киа,3.3,2007.0,бензин,889000.0,248.0
253000.0,Шевроле,1.6,2007.0,бензин,425000.0,90.0
20366.0,Омода,1.5,2015.0,бензин,2070000.0,147.0
185939.0,Мерседес,1.7,2011.0,бензин,850000.0,116.0
199955.0,Форд,1.6,2011.0,бензин,700000.0,125.0
195000.0,Шевроле,1.2,2007.0,бензин,400000.0,72.0
118000.0,LADA,1.6,2016.0,бензин,589000.0,106.0
170590.0,Шкода,1.6,2018.0,бензин,970000.0,90.0
110862.0,Ниссан,1.6,2010.0,бензин,800000.0,110.0
58000.0,Хендай,1.6,2022.0,бензин,1880000.0,123.0
110000.0,Киа,1.6,2021.0,бензин,1900000.0,128.0
280000.0,Хендай,1.6,2014.0,бензин,1090000.0,123.0
14801.0,Чери,1.3,2011.0,бензин,275000.0,83.0
127000.0,Форд,1.6,2011.0,бензин,839000.0,105.0
166000.0,Хендай,1.6,2015.0,бензин,1659000.0,177.0
214000.0,Хендай,2.0,2011.0,бензин,979000.0,150.0
195500.0,Форд,2.0,2010.0,дизель,1200000.0,140.0
183000.0,Форд,2.0,2013.0,дизель,1319000.0,140.0
137000.0,Шевроле,1.8,2012.0,бензин,899000.0,141.0
85000.0,Киа,2.2,2018.0,дизель,3299000.0,202.0
115000.0,Шкода,1.6,2019.0,бензин,1299000.0,90.0
60000.0,Рено,1.6,2019.0,бензин,1165000.0,102.0
94947.0,LADA,1.6,2020.0,бензин,1298600.0,106.0
162284.0,Рено,1.6,2020.0,бензин,1396800.0,114.0
181000.0,Мерседес,1.8,2011.0,бензин,1395000.0,156.0
83100.0,Шкода,1.6,2021.0,бензин,1730000.0,110.0
77533.0,Форд,1.6,2011.0,бензин,950000.0,125.0
121657.0,Шкода,1.4,2021.0,бензин,2350000.0,150.0
17557.0,Джили,1.5,2023.0,бензин,2270000.0,147.0
318000.0,Ситроен,2.4,2011.0,бензин,825000.0,170.0
194020.0,Лексус,2.7,2015.0,бензин,2850000.0,188.0
243000.0,Форд,1.4,2007.0,бензин,499000.0,80.0
150385.0,Peugeot,1.6,2015.0,бензин,620000.0,150.0
89000.0,Форд,2.0,2014.0,дизель,1370000.0,140.0
40546.0,Хендай,2.2,2021.0,дизель,4100000.0,200.0
140500.0,Киа,2.5,2015.0,бензин,2680000.0,194.0
253000.0,Сузуки,1.6,2014.0,бензин,450000.0,107.0
20000.0,Джили,1.5,2022.0,бензин,1990000.0,150.0
161000.0,Опель,1.6,2012.0,бензин,890000.0,115.0
5515.0,Джили,1.5,2024.0,бензин,2560000.0,177.0
269000.0,Акура,2.3,2006.0,бензин,990000.0,240.0
183000.0,Рено,1.6,2014.0,бензин,759000.0,103.0
110000.0,Мерседес,2.0,2015.0,бензин,1649000.0,184.0
350000.0,Тойота,3.0,2000.0,дизель,700000.0,130.0
110580.0,Хендай,2.0,2019.0,бензин,2449000.0,150.0
150000.0,Лада,1.6,2015.0,бензин,110000.0,74.0
5665.0,Вольво,2.0,2010.0,бензин,5500000.0,249.0
12000.0,Ниссан,2.0,2021.0,бензин,2650000.0,144.0
210000.0,Фольксваген,1.6,2013.0,бензин,800000.0,105.0
91649.0,Фольксваген,2.0,2021.0,бензин,3300000.0,180.0
91452.0,Тойота,1.0,2017.0,бензин,1300000.0,69.0
361000.0,Шевроле,1.7,2015.0,бензин,290000.0,80.0
175414.0,Шевроле,1.7,2017.0,бензин,689000.0,80.0
240000.0,Рено,1.6,2018.0,бензин,1250000.0,114.0
77000.0,Фольксваген,1.4,2021.0,бензин,2799000.0,150.0
461000.0,Фольксваген,2.4,1991.0,дизель,380000.0,78.0
145000.0,Киа,2.0,2015.0,бензин,1499000.0,150.0
226000.0,Тойота,2.0,2018.0,бензин,2250000.0,150.0
224100.0,Мицубиси,1.6,2001.0,бензин,200000.0,98.0
285000.0,Тойота,1.5,2000.0,бензин,245000.0,100.0
13566.0,Хавейл,1.5,2017.0,бензин,2250000.0,150.0
238000.0,Грейт,2.4,2015.0,бензин,499000.0,127.0
113600.0,LADA,1.6,2008.0,бензин,300000.0,98.0
191000.0,Тойота,2.5,2010.0,бензин,1800000.0,181.0
255000.0,Мазда,2.0,2015.0,бензин,1549000.0,150.0
9400.0,Чанган,1.4,2015.0,бензин,1970000.0,150.0
26624.0,Киа,2.0,2019.0,бензин,2860000.0,150.0
178447.0,Шкода,1.4,2012.0,бензин,790000.0,86.0
243109.0,Ситроен,2.0,2015.0,дизель,1050000.0,138.0
220000.0,Рено,2.5,2010.0,бензин,999999.0,177.0
57216.0,Тойота,2.0,2014.0,бензин,2875000.0,146.0
12872.0,Шкода,1.4,2020.0,бензин,2895000.0,150.0
105622.0,Тойота,2.5,2018.0,бензин,2395000.0,181.0
163000.0,Ниссан,2.0,2015.0,бензин,1099900.0,135.0
212000.0,Ауди,3.0,2016.0,бензин,1459900.0,300.0
338651.0,Субару,2.5,2008.0,бензин,950000.0,173.0
378000.0,Шкода,1.6,1997.0,бензин,200000.0,75.0
199863.0,Шевроле,1.6,2012.0,бензин,660000.0,109.0
300000.0,БМВ,2.0,2015.0,бензин,450000.0,150.0
221956.0,Форд,1.6,2014.0,бензин,790000.0,125.0
220000.0,Рено,1.4,2006.0,бензин,230000.0,75.0
190000.0,Peugeot,1.4,2015.0,бензин,420000.0,88.0
78800.0,LADA,1.6,2013.0,бензин,520000.0,87.0
73207.0,Эксид,2.0,2022.0,бензин,2690000.0,249.0
14261.0,Рено,1.6,2021.0,бензин,2070000.0,117.0
158443.0,Хендай,2.0,2018.0,бензин,1739000.0,150.0
39670.0,LADA,1.7,2021.0,бензин,869000.0,83.0
135653.0,Форд,1.6,2016.0,бензин,1150000.0,122.0
130032.0,Ниссан,1.6,2014.0,бензин,1250000.0,117.0
96065.0,Фольксваген,1.6,2020.0,бензин,1230000.0,90.0
248000.0,Чери,1.6,2011.0,бензин,509000.0,126.0
150000.0,Киа,1.6,2016.0,бензин,1050000.0,123.0
155000.0,БМВ,3.0,2016.0,бензин,2599000.0,306.0
59000.0,Шкода,1.4,2021.0,бензин,2949000.0,150.0
57600.0,Шкода,1.4,2021.0,бензин,2759000.0,150.0
47229.0,Датсун,1.6,2018.0,бензин,750000.0,87.0
196557.0,Мазда,2.0,2016.0,бензин,1785000.0,150.0
129809.0,Фольксваген,1.6,2013.0,бензин,1120000.0,105.0
39685.0,Ниссан,2.5,2019.0,бензин,3200000.0,171.0
270000.0,Инфинити,3.5,2015.0,бензин,1050000.0,302.0
321000.0,Опель,1.6,2008.0,бензин,439000.0,115.0
206515.0,Шкода,1.2,2011.0,бензин,1049000.0,105.0
30099.0,Киа,1.3,2013.0,бензин,935000.0,85.0
133921.0,Чери,1.6,2013.0,бензин,859000.0,126.0
81764.0,Ауди,2.0,2013.0,бензин,2790000.0,180.0
159322.0,Форд,1.6,2007.0,бензин,600000.0,101.0
49341.0,Ленд,2.0,2019.0,дизель,5490000.0,180.0
106538.0,Мазда,2.5,2015.0,бензин,2279000.0,192.0
337867.0,Вольво,3.2,2010.0,бензин,1119000.0,238.0
137218.0,LADA,1.6,2019.0,бензин,999000.0,113.0
309870.0,Шкода,1.4,2002.0,бензин,210000.0,60.0
328000.0,Хендай,2.0,2011.0,дизель,729000.0,112.0
67551.0,Киа,2.5,2015.0,бензин,2925000.0,194.0
235000.0,Хендай,2.7,2001.0,бензин,490000.0,173.0
340000.0,Форд,2.0,2011.0,бензин,699000.0,145.0
390000.0,Рено,1.6,2012.0,бензин,400000.0,106.0
136000.0,Мини,1.6,2007.0,бензин,1300000.0,174.0
1.0,Тойота,2.5,2010.0,бензин,2000000.0,203.0
213764.0,Рено,2.0,2011.0,бензин,740000.0,138.0
118500.0,Хендай,1.6,2015.0,бензин,1330000.0,132.0
152000.0,Ягуар,3.0,2010.0,бензин,1299900.0,238.0
170770.0,Фольксваген,1.4,2017.0,бензин,1919777.0,150.0
197999.0,Фольксваген,1.4,2002.0,бензин,399990.0,75.0
73306.0,Мерседес,2.0,2016.0,бензин,2020000.0,211.0
318000.0,Форд,2.0,2012.0,дизель,839000.0,140.0
500000.0,Мерседес,2.2,1993.0,бензин,335000.0,150.0
45000.0,Ниссан,2.0,2020.0,бензин,2790000.0,144.0
23642.0,Омода,1.5,2015.0,бензин,2045444.0,147.0
164471.0,Киа,1.6,2015.0,бензин,1240000.0,130.0
69110.0,БМВ,2.0,2014.0,дизель,4200000.0,190.0
186696.0,Шкода,1.4,2008.0,бензин,414000.0,75.0
186000.0,Шкода,1.4,2014.0,бензин,828000.0,140.0
200000.0,Лада,1.5,2015.0,бензин,155000.0,76.0
58200.0,УАЗ,2.7,2021.0,бензин,1630000.0,150.0
48000.0,Хавейл,2.0,2019.0,дизель,2999000.0,190.0
293000.0,Форд,1.6,2012.0,бензин,700000.0,105.0
196360.0,БМВ,3.0,2016.0,дизель,3839000.0,313.0
230352.0,Хендай,1.6,2016.0,бензин,849000.0,123.0
87920.0,Тойота,4.5,2016.0,дизель,7500000.0,249.0
11020.0,Чери,1.5,2017.0,бензин,1849000.0,147.0
68000.0,Ниссан,1.2,2016.0,бензин,1150000.0,79.0
380000.0,Тойота,4.5,2011.0,дизель,2599000.0,235.0
140000.0,Лада,1.5,2015.0,бензин,115000.0,91.0
132028.0,Тойота,2.2,2014.0,дизель,2777000.0,150.0
298729.0,Ниссан,3.5,2010.0,бензин,789000.0,249.0
63144.0,Киа,2.0,2021.0,бензин,2675000.0,150.0
60479.0,Хендай,2.0,2019.0,бензин,2650000.0,149.0
217000.0,Тойота,2.4,2008.0,бензин,1050000.0,167.0
124900.0,Мерседес,1.6,2016.0,бензин,2550000.0,156.0
219000.0,СсангЙонг,2.0,2011.0,дизель,709000.0,149.0
230000.0,Мерседес,2.1,2010.0,дизель,1297000.0,170.0
122000.0,Ниссан,2.0,2010.0,бензин,1350000.0,141.0
16795.0,Ягуар,1.8,2019.0,электро,4350000.0,400.0
252470.0,Лексус,3.3,2015.0,бензин,1100000.0,230.0
180443.0,Хендай,2.0,2017.0,бензин,1425000.0,150.0
321730.0,Тойота,3.0,2007.0,дизель,1725000.0,173.0
164000.0,Киа,1.6,2012.0,бензин,600000.0,123.0
128000.0,Киа,1.6,2017.0,бензин,1419000.0,132.0
120000.0,БМВ,2.0,2013.0,бензин,1875000.0,184.0
204166.0,Фольксваген,1.6,2015.0,бензин,699000.0,85.0
285000.0,Фольксваген,1.6,2015.0,бензин,700000.0,105.0
173554.0,Фольксваген,1.4,2012.0,бензин,899000.0,122.0
75954.0,БМВ,2.0,2012.0,бензин,2190000.0,184.0
103000.0,Хендай,1.6,2017.0,бензин,1560000.0,123.0
131606.0,Ниссан,1.6,2012.0,бензин,795000.0,107.0
140110.0,Мицубиси,1.8,2013.0,бензин,1180000.0,140.0
161286.0,Шкода,1.6,2015.0,бензин,879000.0,105.0
40145.0,Джили,1.5,2021.0,бензин,2200000.0,177.0
208075.0,Мицубиси,3.2,2012.0,дизель,2470000.0,200.0
83028.0,Чери,1.6,2013.0,бензин,720000.0,126.0
170000.0,Сузуки,1.6,2007.0,бензин,650000.0,106.0
316314.0,Рено,2.0,2014.0,бензин,799000.0,135.0
151821.0,LADA,1.6,2021.0,бензин,1100000.0,90.0
209000.0,Ниссан,1.6,2010.0,бензин,749000.0,110.0
74000.0,LADA,1.8,2020.0,бензин,1349000.0,122.0
149000.0,Мазда,2.0,2015.0,бензин,1898000.0,150.0
216394.0,Хендай,2.0,2017.0,бензин,1419000.0,150.0
241674.0,Мицубиси,1.6,2012.0,бензин,695000.0,117.0
100869.0,БМВ,3.0,2017.0,дизель,8090000.0,249.0
61.0,Тойота,2.0,2024.0,бензин,4450000.0,173.0
81000.0,Хавейл,2.0,2017.0,бензин,2460000.0,190.0
218000.0,Мини,1.5,2016.0,бензин,1549000.0,136.0
174000.0,Шевроле,1.6,2010.0,бензин,415000.0,109.0
806114.0,Хонда,2.0,1999.0,бензин,365000.0,147.0
220000.0,Мерседес,2.0,2015.0,бензин,1849000.0,211.0
224532.0,Шевроле,1.6,2010.0,бензин,450000.0,109.0
207999.0,Хендай,2.2,2015.0,дизель,1799000.0,197.0
250000.0,Мазда,2.0,2016.0,бензин,1260000.0,147.0
10.0,Киа,2.0,2024.0,бензин,3970777.0,150.0
40000.0,Джили,1.5,2020.0,бензин,1677000.0,150.0
10.0,Киа,2.5,2024.0,бензин,6200000.0,179.0
105000.0,Датсун,1.6,2014.0,бензин,368000.0,87.0
158000.0,БМВ,2.0,2013.0,дизель,2550000.0,190.0
176331.0,Ситроен,1.6,2014.0,бензин,509990.0,120.0
248364.0,Тойота,3.0,2010.0,дизель,2447000.0,173.0
189429.0,Ауди,5.9,2017.0,дизель,2400000.0,500.0
110793.0,LADA,1.6,2021.0,бензин,1325000.0,106.0
191489.0,Форд,1.8,2015.0,бензин,1315000.0,146.0
196139.0,Опель,1.4,2004.0,бензин,479900.0,90.0
117586.0,БМВ,2.0,2013.0,дизель,3406000.0,190.0
365000.0,Фольксваген,3.6,2007.0,бензин,1100000.0,280.0
92000.0,Фольксваген,2.0,2019.0,бензин,2350000.0,180.0
172766.0,Мазда,2.0,2016.0,бензин,1450000.0,150.0
133000.0,Ниссан,1.6,2005.0,бензин,410000.0,109.0
74786.0,Фольксваген,1.4,2021.0,бензин,2365000.0,150.0
201138.0,Шевроле,1.5,2009.0,бензин,110000.0,86.0
18000.0,Хавейл,2.0,2024.0,бензин,2949000.0,192.0
137615.0,Форд,3.5,2017.0,бензин,2749000.0,249.0
4117.0,Чанган,2.0,2023.0,бензин,3199000.0,226.0
350000.0,Рено,1.6,2006.0,бензин,350000.0,113.0
106000.0,Шевроле,1.4,2010.0,бензин,500000.0,101.0
47680.0,Хендай,1.6,2021.0,бензин,2270000.0,123.0
130040.0,БМВ,2.0,2013.0,дизель,3235000.0,190.0
212000.0,Ниссан,1.6,2007.0,бензин,680000.0,110.0
262300.0,Рено,1.6,2014.0,бензин,710000.0,82.0
221000.0,Мерседес,3.0,1991.0,бензин,2100000.0,170.0
139000.0,Вортекс,1.8,2011.0,бензин,475000.0,132.0
225000.0,БМВ,3.0,2015.0,дизель,2200000.0,286.0
176000.0,ВАЗ,1.6,2014.0,бензин,570000.0,80.0
120000.0,Хендай,1.6,2014.0,бензин,740000.0,123.0
140000.0,Форд,2.0,2013.0,бензин,919000.0,150.0
228000.0,Мазда,1.8,2016.0,бензин,350000.0,120.0
224500.0,Киа,2.0,2011.0,бензин,753000.0,150.0
152000.0,Фольксваген,1.6,2016.0,бензин,850000.0,110.0
11007.0,Чанган,1.5,2023.0,бензин,1367000.0,98.0
133333.0,Мини,1.6,2013.0,бензин,1250000.0,122.0
167000.0,Киа,1.6,2019.0,бензин,1449000.0,123.0
200000.0,Ниссан,1.5,2003.0,бензин,220000.0,98.0
49747.0,Ленд,4.4,2018.0,дизель,9990000.0,339.0
119056.0,Киа,2.0,2017.0,бензин,1529000.0,150.0
115898.0,LADA,1.6,2018.0,бензин,680000.0,106.0
120000.0,Москвич,1.7,2015.0,бензин,250000.0,85.0
193098.0,Дэу,0.8,2002.0,бензин,120000.0,51.0
87000.0,Форд,3.5,2016.0,бензин,2949000.0,249.0
123479.0,Хендай,1.6,2019.0,бензин,1595000.0,123.0
7260.0,Шевроле,5.3,2022.0,бензин,9950000.0,360.0
188025.0,Ниссан,1.6,2011.0,бензин,939000.0,190.0
170000.0,Фольксваген,1.6,1989.0,бензин,115000.0,72.0
170001.0,Ленд,2.0,2012.0,бензин,1755000.0,240.0
280000.0,Тойота,2.5,1994.0,бензин,1360000.0,180.0
86281.0,Киа,2.5,2015.0,бензин,2490000.0,194.0
368975.0,Опель,1.6,2007.0,бензин,300000.0,105.0
301545.0,Фольксваген,3.6,2011.0,бензин,1545000.0,249.0
93600.0,Фольксваген,1.6,2019.0,бензин,1239000.0,110.0
100936.0,Мицубиси,2.0,2019.0,бензин,2234000.0,146.0
595000.0,Тойота,1.8,2001.0,бензин,650000.0,136.0
193420.0,Шевроле,1.6,2013.0,бензин,699990.0,115.0
155000.0,Шевроле,1.4,2009.0,бензин,320000.0,101.0
135000.0,Вольво,2.0,2010.0,бензин,3100000.0,320.0
30.0,Zeekr,1.8,2011.0,электро,7750000.0,146.0
202224.0,Ягуар,2.0,2013.0,бензин,1199000.0,240.0
250000.0,Лада,1.5,2015.0,бензин,155000.0,78.0
100000.0,Лада,1.6,2015.0,бензин,195000.0,75.0
186270.0,Volvo,2.0,2010.0,бензин,1235000.0,180.0
253280.0,Тойота,1.6,2008.0,бензин,680000.0,124.0
129000.0,Ситроен,1.6,2014.0,бензин,495000.0,120.0
33329.0,Тойота,3.5,2021.0,бензин,4690000.0,249.0
93133.0,Ягуар,2.0,2018.0,дизель,3150000.0,180.0
68000.0,Киа,1.2,2018.0,бензин,1380000.0,84.0
77653.0,Мицубиси,2.4,2013.0,бензин,1690000.0,167.0
103866.0,Фольксваген,1.4,2015.0,бензин,1415000.0,150.0
220453.0,Peugeot,1.4,2015.0,бензин,240000.0,75.0
129500.0,Киа,2.0,2018.0,бензин,1850000.0,150.0
127000.0,LADA,1.6,2020.0,бензин,720000.0,87.0
144000.0,Лада,1.6,2015.0,бензин,300000.0,81.0
268000.0,Фольксваген,1.6,2016.0,бензин,510000.0,90.0
263727.0,Субару,2.0,2005.0,бензин,1550000.0,280.0
69094.0,Хендай,1.6,2020.0,бензин,1525000.0,123.0
150000.0,Шкода,2.0,2012.0,бензин,1270000.0,200.0
237000.0,Киа,2.0,2017.0,бензин,1250000.0,150.0
287585.0,БМВ,1.8,2010.0,бензин,111000.0,102.0
40000.0,Чери,1.5,2017.0,бензин,2150000.0,147.0
170000.0,LADA,1.6,2014.0,бензин,870000.0,87.0
171181.0,Ниссан,2.0,2015.0,бензин,1670000.0,144.0
83842.0,Киа,1.6,2019.0,бензин,1910000.0,128.0
101251.0,LADA,1.6,2019.0,бензин,1180000.0,106.0
245000.0,Мицубиси,3.0,2012.0,бензин,2100000.0,178.0
212302.0,Форд,1.4,2006.0,бензин,340000.0,80.0
250000.0,Додж,2.0,2008.0,бензин,400000.0,160.0
133000.0,Джили,2.4,2018.0,бензин,1518000.0,149.0
250000.0,Фольксваген,1.4,2014.0,бензин,1150000.0,122.0
77000.0,Лексус,1.8,2015.0,бензин,1900000.0,99.0
177944.0,Ситроен,1.6,2018.0,дизель,1879000.0,90.0
183559.0,Тойота,1.6,2013.0,бензин,1297665.0,132.0
79833.0,БМВ,2.0,2015.0,дизель,5300000.0,190.0
80232.0,БМВ,3.0,2015.0,дизель,8500000.0,249.0
46230.0,Хавейл,2.0,2017.0,бензин,2349000.0,190.0
45114.0,Тойота,2.0,2014.0,бензин,4050000.0,149.0
138512.0,Шкода,1.4,2021.0,бензин,1999000.0,150.0
6510.0,LADA,1.7,2024.0,бензин,1099000.0,83.0
206424.0,Мицубиси,2.0,2018.0,бензин,1799000.0,146.0
220000.0,Шевроле,1.5,2013.0,бензин,550000.0,106.0
93000.0,Мерседес,1.3,2018.0,бензин,2499000.0,150.0
24839.0,ГАК,2.0,2018.0,бензин,4800000.0,190.0
214500.0,Ниссан,1.2,2007.0,бензин,550000.0,80.0
218000.0,Джип,3.6,2011.0,бензин,1949999.0,286.0
123555.0,Фольксваген,2.0,2020.0,дизель,5380000.0,199.0
212000.0,Вольво,2.5,2010.0,бензин,790000.0,210.0
200000.0,Шевроле,1.5,2007.0,бензин,170000.0,86.0
206000.0,Фольксваген,2.0,2013.0,бензин,1294000.0,170.0
92000.0,Хендай,2.5,2011.0,дизель,3750000.0,170.0
175000.0,Фольксваген,1.4,2013.0,бензин,1300000.0,122.0
151500.0,Фольксваген,1.6,2015.0,бензин,899000.0,105.0
65942.0,Рено,1.6,2019.0,бензин,1285000.0,102.0
148862.0,Фольксваген,2.0,2020.0,бензин,5000000.0,249.0
116027.0,Ягуар,2.0,2019.0,дизель,3395000.0,179.0
114398.0,Киа,1.6,2020.0,бензин,1398000.0,123.0
211881.0,Лифан,1.5,2010.0,бензин,447000.0,103.0
150.0,Джили,1.5,2024.0,бензин,2657000.0,172.0
65000.0,Тойота,4.5,2017.0,дизель,7650000.0,249.0
140000.0,Киа,2.5,2015.0,бензин,2457000.0,194.0
18730.0,Evolute,1.8,2022.0,электро,1670000.0,163.0
58000.0,Ниссан,1.6,2018.0,бензин,1850000.0,117.0
155000.0,Фольксваген,1.4,2014.0,бензин,1290000.0,122.0
107694.0,Форд,1.5,2017.0,бензин,1699000.0,150.0
112444.0,Volvo,1.6,2010.0,дизель,1349000.0,115.0
175737.0,Киа,1.6,2015.0,бензин,1049000.0,123.0
73643.0,LADA,1.6,2020.0,бензин,1180000.0,106.0
64030.0,Рено,2.0,2018.0,бензин,1699000.0,143.0
125500.0,Шкода,1.4,2016.0,бензин,1550000.0,150.0
41912.0,БМВ,2.0,2014.0,дизель,5300000.0,190.0
298000.0,Фольксваген,2.0,2005.0,бензин,450000.0,150.0
31867.0,LADA,1.6,2020.0,бензин,1079000.0,98.0
149000.0,Шевроле,1.6,2012.0,бензин,769000.0,109.0
46724.0,LADA,1.6,2022.0,бензин,1079000.0,90.0
318743.0,Фольксваген,1.4,2011.0,бензин,779000.0,122.0
185836.0,Киа,2.0,2013.0,бензин,1319000.0,150.0
208000.0,Ниссан,2.0,2010.0,бензин,989000.0,141.0
34673.0,Мазда,2.0,2015.0,бензин,3140000.0,150.0
71232.0,Хендай,2.0,2018.0,бензин,2159000.0,150.0
240000.0,Volvo,1.6,2010.0,бензин,299000.0,109.0
156515.0,Форд,2.0,2011.0,бензин,919000.0,145.0
95000.0,Ниссан,1.2,2017.0,бензин,1499000.0,115.0
200000.0,Шевроле,1.6,2007.0,бензин,300000.0,109.0
345000.0,Ауди,2.6,2016.0,бензин,350000.0,150.0
155228.0,Мазда,2.0,2015.0,бензин,2420000.0,150.0
143326.0,LADA,1.6,2018.0,бензин,499000.0,87.0
195747.0,LADA,1.6,2019.0,бензин,799000.0,87.0
170112.0,LADA,1.6,2020.0,бензин,939000.0,106.0
260000.0,Форд,1.6,2016.0,бензин,588000.0,105.0
292302.0,Сузуки,2.0,2007.0,бензин,599000.0,140.0
18542.0,Чанган,2.0,2022.0,бензин,3250000.0,226.0
87000.0,Мазда,2.5,2015.0,бензин,2700000.0,187.0
27377.0,Шкода,1.6,2021.0,бензин,2826400.0,110.0
243000.0,Мазда,2.0,2016.0,бензин,500000.0,147.0
50200.0,Пежо,2.0,2020.0,дизель,4400000.0,150.0
184000.0,Фольксваген,2.0,2010.0,бензин,700000.0,200.0
35000.0,Лада,1.5,2015.0,бензин,117777.0,71.0
310000.0,Форд,2.2,2006.0,дизель,500000.0,155.0
85000.0,Меркури,2.5,2000.0,бензин,500000.0,170.0
177241.0,БМВ,2.0,2015.0,бензин,2080000.0,245.0
4018.0,Ауди,2.0,2016.0,бензин,8200000.0,265.0
34322.0,Ниссан,1.6,2018.0,бензин,1140000.0,102.0
77000.0,Шкода,1.2,2014.0,бензин,1170000.0,105.0
123000.0,Киа,3.3,2017.0,бензин,2750000.0,250.0
194476.0,Лада,1.5,2015.0,бензин,110000.0,76.0
349500.0,Шевроле,5.3,2011.0,бензин,1820000.0,325.0
88222.0,Киа,1.4,2011.0,бензин,699000.0,95.0
192000.0,LADA,1.6,2012.0,бензин,299000.0,98.0
160000.0,Фольксваген,1.6,2017.0,бензин,1099000.0,110.0
155000.0,Рено,1.6,2008.0,бензин,339000.0,87.0
24850.0,LADA,1.6,2023.0,бензин,1419000.0,106.0
191506.0,Дэу,1.6,2011.0,бензин,129000.0,109.0
15000.0,Мазда,2.0,2014.0,бензин,2995000.0,158.0
143000.0,Шкода,1.4,2008.0,бензин,495000.0,75.0
219000.0,Ситроен,1.6,2015.0,бензин,545000.0,120.0
8500.0,Джили,2.0,2023.0,бензин,3849000.0,238.0
196243.0,Чери,2.4,2011.0,бензин,178000.0,129.0
134000.0,Peugeot,1.6,2015.0,бензин,339000.0,120.0
100.0,Сяоми,1.8,2017.0,электро,7400000.0,673.0
200000.0,Киа,1.6,2017.0,бензин,1349000.0,130.0
28300.0,Омода,1.5,2015.0,бензин,2300000.0,147.0
131000.0,LADA,1.6,2019.0,бензин,1105000.0,106.0
18500.0,ВАЗ,1.7,2014.0,бензин,779000.0,83.0
83000.0,Фольксваген,1.6,2011.0,бензин,949000.0,102.0
88961.0,Хендай,2.2,2020.0,дизель,3495000.0,200.0
270000.0,Тойота,2.0,1993.0,дизель,270000.0,85.0
280000.0,Ниссан,3.5,2000.0,бензин,400000.0,220.0
8200.0,БМВ,2.0,2013.0,бензин,5700000.0,249.0
225000.0,Сузуки,1.6,2014.0,бензин,850000.0,112.0
105000.0,Лада,1.6,2015.0,бензин,330000.0,81.0
246000.0,Тойота,2.5,2012.0,бензин,1649000.0,181.0
190000.0,Форд,1.6,2016.0,бензин,999000.0,125.0
226000.0,Peugeot,1.6,2015.0,бензин,899000.0,150.0
107000.0,СсангЙонг,2.0,2012.0,бензин,949000.0,149.0
180000.0,Ниссан,2.5,2011.0,бензин,1359000.0,169.0
124637.0,Опель,1.6,2008.0,бензин,549000.0,115.0
56000.0,Чери,1.5,2017.0,бензин,1820000.0,147.0
100880.0,Чанган,1.5,2015.0,бензин,2090000.0,181.0
280000.0,LADA,1.6,2011.0,бензин,430000.0,87.0
5000.0,Фольксваген,2.0,2024.0,бензин,6590000.0,220.0
28482.0,Фольксваген,1.4,2021.0,бензин,2320000.0,125.0
73200.0,Ситроен,1.0,2011.0,бензин,590000.0,68.0
66352.0,Фольксваген,1.4,2014.0,бензин,730000.0,85.0
115000.0,Шкода,1.6,2016.0,бензин,1085000.0,90.0
233700.0,Мазда,2.0,2016.0,бензин,1000000.0,147.0
199802.0,Лада,1.5,2015.0,бензин,195000.0,70.0
181100.0,Форд,1.4,2006.0,бензин,499000.0,80.0
79600.0,Хендай,1.6,2010.0,бензин,809000.0,126.0
150000.0,Хендай,2.2,2014.0,дизель,2100000.0,197.0
127415.0,Киа,1.6,2019.0,бензин,1230000.0,123.0
45000.0,Мазда,2.0,2016.0,бензин,2590000.0,150.0
100000.0,Шкода,1.4,2013.0,бензин,1249000.0,140.0
124000.0,Фольксваген,1.4,2017.0,бензин,1849000.0,125.0
228000.0,Хонда,2.4,2008.0,бензин,1149000.0,166.0
89000.0,Фольксваген,1.6,2018.0,бензин,1279000.0,110.0
68000.0,LADA,1.6,2022.0,бензин,1399000.0,113.0
77000.0,Шкода,2.0,2019.0,дизель,3099000.0,150.0
112000.0,Хендай,2.0,2018.0,бензин,1849000.0,150.0
221000.0,Ауди,1.2,2013.0,бензин,900000.0,105.0
100200.0,Фольксваген,2.0,2018.0,бензин,2990000.0,180.0
115300.0,Киа,1.6,2016.0,бензин,1200000.0,124.0
210807.0,Ниссан,2.0,2007.0,бензин,980000.0,141.0
127000.0,Киа,1.6,2019.0,бензин,1499000.0,123.0
41000.0,Джили,2.4,2019.0,бензин,1947000.0,149.0
35.0,Ли,1.5,2016.0,бензин,6350000.0,154.0
270000.0,Киа,2.4,2010.0,бензин,1299000.0,175.0
7512.0,Джили,2.0,2023.0,бензин,4199000.0,238.0
190000.0,Шевроле,1.5,2006.0,бензин,110000.0,86.0
182000.0,Фиат,1.4,2008.0,бензин,249000.0,77.0
57000.0,Шкода,1.6,2020.0,бензин,1799000.0,110.0
77000.0,Хавейл,1.5,2017.0,бензин,1999000.0,150.0
158000.0,Киа,1.6,2012.0,бензин,849000.0,123.0
50000.0,LADA,1.6,2021.0,бензин,839000.0,87.0
157000.0,Ниссан,2.0,2014.0,бензин,1149000.0,135.0
18000.0,Хавейл,1.5,2017.0,бензин,2250000.0,150.0
160000.0,Peugeot,1.6,2015.0,бензин,719000.0,150.0
202578.0,Киа,1.2,2011.0,бензин,700000.0,85.0
233000.0,Шкода,1.6,2015.0,бензин,869000.0,110.0
324000.0,Ниссан,2.5,2013.0,дизель,1349000.0,190.0
33000.0,Сузуки,1.6,2021.0,бензин,1999000.0,117.0
299000.0,Додж,2.4,1999.0,бензин,169000.0,152.0
231000.0,Мицубиси,2.4,2012.0,бензин,1169000.0,167.0
83000.0,LADA,1.4,2010.0,бензин,279000.0,89.0
139000.0,Киа,1.6,2019.0,бензин,1799000.0,128.0
202291.0,БМВ,2.0,2013.0,бензин,1620000.0,184.0
120999.0,Мерседес,1.6,2013.0,бензин,1355000.0,156.0
73808.0,Мерседес,1.3,2018.0,бензин,2728470.0,150.0
57322.0,УАЗ,2.7,2021.0,бензин,2050000.0,150.0
270000.0,Фольксваген,1.4,2002.0,бензин,365000.0,75.0
123000.0,Peugeot,1.6,2015.0,бензин,680000.0,150.0
69000.0,Рено,1.6,2018.0,бензин,1590000.0,114.0
246000.0,Тойота,2.5,2012.0,бензин,1649000.0,181.0
190000.0,Форд,1.6,2016.0,бензин,999000.0,125.0
226000.0,Peugeot,1.6,2015.0,бензин,899000.0,150.0
107000.0,СсангЙонг,2.0,2012.0,бензин,949000.0,149.0
180000.0,Ниссан,2.5,2011.0,бензин,1359000.0,169.0
150000.0,Шевроле,1.6,2013.0,бензин,680000.0,115.0
33000.0,Мицубиси,2.0,2022.0,бензин,2800000.0,146.0
40209.0,Чери,1.5,2014.0,бензин,1850000.0,147.0
95000.0,Субару,2.0,2010.0,бензин,1500000.0,150.0
61811.0,Хендай,1.4,2019.0,бензин,1400000.0,100.0
230000.0,Тойота,1.8,2012.0,бензин,1400000.0,130.0
175024.0,Хендай,1.6,2010.0,бензин,1090000.0,130.0
178953.0,Форд,1.4,2007.0,бензин,549000.0,80.0
150000.0,Киа,1.6,2012.0,бензин,815000.0,125.0
162773.0,Киа,2.4,2016.0,бензин,1700000.0,188.0
51416.0,Лексус,2.0,2015.0,бензин,3960000.0,238.0
158000.0,Мерседес,3.0,2017.0,дизель,3725000.0,249.0
108000.0,Ауди,2.5,2013.0,бензин,2699000.0,310.0
231421.0,Сузуки,1.6,2015.0,бензин,1049000.0,117.0
234000.0,Тойота,3.3,2009.0,бензин,1580000.0,211.0
193000.0,Форд,2.0,2012.0,бензин,850000.0,150.0
145000.0,Мицубиси,2.0,2016.0,бензин,1690000.0,146.0
206793.0,Форд,1.6,2013.0,бензин,1199000.0,182.0
186941.0,Форд,1.6,2012.0,бензин,840000.0,125.0
170200.0,Тойота,2.7,2011.0,бензин,3210000.0,163.0
257730.0,Шкода,2.0,2013.0,бензин,1239000.0,200.0
168394.0,Фольксваген,2.0,2018.0,бензин,2620000.0,180.0
180598.0,Шевроле,1.6,2008.0,бензин,400000.0,109.0
112000.0,Киа,1.6,2020.0,бензин,1979000.0,128.0
40.0,Zeekr,1.8,2017.0,электро,5290000.0,646.0
34000.0,Эксид,1.6,2021.0,бензин,2499000.0,186.0
148000.0,Опель,1.6,2013.0,бензин,899000.0,115.0
104000.0,Опель,1.2,2013.0,бензин,540000.0,85.0
180000.0,Опель,3.2,2011.0,бензин,1049000.0,227.0
69000.0,Тойота,1.8,2019.0,бензин,2300000.0,99.0
200000.0,Хонда,2.0,2008.0,бензин,970000.0,156.0
275600.0,Лексус,2.7,2015.0,бензин,2200000.0,188.0
36500.0,LADA,1.6,2022.0,бензин,1399000.0,113.0
250000.0,Опель,2.0,1995.0,бензин,240000.0,116.0
108657.0,Мерседес,2.0,2019.0,бензин,4400000.0,197.0
450000.0,Лексус,3.0,2015.0,бензин,929000.0,220.0
176000.0,Хендай,2.0,2018.0,бензин,2300000.0,149.0
220000.0,Фольксваген,1.4,2016.0,бензин,1150000.0,125.0
183000.0,Шкода,1.4,2015.0,бензин,1149000.0,150.0
65394.0,Шкода,1.8,2019.0,бензин,2349000.0,180.0
47000.0,Форд,1.6,2015.0,бензин,970000.0,85.0
125620.0,Рено,1.6,2018.0,бензин,970000.0,102.0
85758.0,Хендай,2.4,2018.0,бензин,2647000.0,171.0
70700.0,Киа,2.4,2020.0,бензин,3087000.0,188.0
244000.0,Лексус,2.5,2015.0,бензин,1550000.0,208.0
229000.0,Киа,2.0,2014.0,бензин,1219000.0,150.0
187500.0,Рено,2.5,2013.0,бензин,1229000.0,171.0
89254.0,LADA,1.6,2016.0,бензин,620000.0,106.0
33909.0,Рено,1.6,2019.0,бензин,1675000.0,114.0
107213.0,Рено,1.6,2018.0,бензин,1190000.0,102.0
147170.0,Тойота,2.0,2014.0,бензин,2425000.0,146.0
280501.0,БМВ,3.0,2016.0,дизель,1950000.0,235.0
196000.0,LADA,1.6,2010.0,бензин,450000.0,98.0
120300.0,Хендай,1.1,2007.0,бензин,450000.0,67.0
76000.0,БМВ,2.0,2015.0,бензин,5800000.0,252.0
54156.0,Хендай,1.6,2020.0,бензин,1745000.0,123.0
236316.0,БМВ,2.0,2015.0,бензин,1695000.0,245.0
100000.0,Ленд,2.2,2014.0,дизель,2700000.0,150.0
106000.0,Ниссан,1.6,2021.0,бензин,1519000.0,114.0
141000.0,Форд,1.5,2016.0,бензин,1299000.0,150.0
330000.0,Хонда,1.5,2007.0,бензин,350000.0,90.0
153000.0,БМВ,2.0,2015.0,бензин,2499000.0,184.0
49100.0,Субару,1.6,2016.0,бензин,1900000.0,170.0
28000.0,Киа,1.6,2021.0,бензин,1880000.0,128.0
86500.0,Мини,2.0,2016.0,бензин,2250000.0,192.0
80489.0,Фотон,2.0,2016.0,бензин,1200000.0,217.0
244000.0,Ниссан,1.6,2007.0,бензин,369000.0,107.0
215500.0,Мицубиси,2.0,2011.0,бензин,1250000.0,147.0
100233.0,Фольксваген,2.0,2019.0,дизель,3200000.0,150.0
34000.0,Мицубиси,3.8,2019.0,бензин,4200000.0,250.0
88863.0,LADA,1.8,2019.0,бензин,920000.0,122.0
162916.0,Рено,1.6,2014.0,бензин,870000.0,102.0
144734.0,Киа,1.6,2013.0,бензин,980000.0,126.0
245000.0,Опель,2.2,2013.0,дизель,1025000.0,184.0
125000.0,Шкода,1.8,2011.0,бензин,970000.0,152.0
69400.0,Рено,1.5,2021.0,дизель,2070000.0,109.0
177000.0,Peugeot,1.4,2015.0,бензин,450000.0,75.0
290000.0,Тойота,2.0,2014.0,бензин,480000.0,135.0
148600.0,Мицубиси,1.5,2007.0,бензин,800000.0,109.0
225000.0,Тойота,1.3,2002.0,бензин,550000.0,90.0
200000.0,Audi,1.8,2010.0,бензин,150000.0,90.0
4000.0,Омода,1.6,2015.0,бензин,2600000.0,150.0
172000.0,Киа,2.0,2019.0,бензин,2050000.0,150.0
23863.0,Чери,1.5,2014.0,бензин,1747000.0,113.0
132120.0,Хендай,1.6,2016.0,бензин,1220000.0,123.0
73572.0,Мазда,2.5,2016.0,бензин,2619000.0,194.0
40000.0,Дэу,0.8,2010.0,бензин,299000.0,52.0
335213.0,Шевроле,1.8,2011.0,бензин,615000.0,141.0
61000.0,Эксид,1.6,2020.0,бензин,2175000.0,186.0
84200.0,LADA,1.6,2018.0,бензин,1175000.0,106.0
62337.0,Тойота,2.5,2014.0,бензин,3900000.0,199.0
240000.0,Мерседес,1.8,2011.0,бензин,1380000.0,184.0
94157.0,Киа,2.0,2019.0,бензин,1995000.0,150.0
252788.0,Ниссан,2.5,2007.0,дизель,1100000.0,174.0
105576.0,Киа,1.0,2006.0,бензин,410000.0,60.0
63901.0,Мерседес,2.0,2013.0,бензин,1949000.0,184.0
274740.0,Киа,2.0,2009.0,бензин,699000.0,156.0
55345.0,Ниссан,2.5,2020.0,бензин,3290000.0,171.0
181695.0,Киа,1.6,2017.0,бензин,1149000.0,123.0
84674.0,Киа,2.0,2021.0,бензин,2625669.0,150.0
200316.0,Фольксваген,1.6,2018.0,бензин,1049000.0,110.0
131551.0,БМВ,2.0,2015.0,бензин,2524000.0,184.0
49500.0,Ленд,3.0,2021.0,дизель,8300000.0,249.0
115000.0,Peugeot,1.2,2008.0,бензин,799000.0,82.0
89458.0,Мерседес,2.9,2019.0,дизель,5260000.0,249.0
91023.0,Опель,1.6,2008.0,бензин,598600.0,115.0
132884.0,Мазда,2.0,2015.0,бензин,2799000.0,150.0
116139.0,БМВ,3.0,2015.0,дизель,5049000.0,249.0
169569.0,LADA,1.8,2017.0,бензин,819000.0,122.0
36467.0,Фольксваген,1.8,2014.0,бензин,2950000.0,146.0
176040.0,Тойота,1.6,2008.0,бензин,869990.0,124.0
265458.0,Шевроле,1.8,2012.0,бензин,850000.0,141.0
180682.0,Фольксваген,1.6,2014.0,бензин,1000000.0,105.0
40903.0,БМВ,2.0,2013.0,дизель,6500000.0,190.0
139161.0,Ситроен,1.6,2014.0,бензин,1175000.0,116.0
131451.0,Иран,1.8,2007.0,бензин,278000.0,100.0
104792.0,Киа,2.0,2019.0,бензин,2050000.0,150.0
82000.0,Вольво,2.0,2010.0,бензин,3799000.0,249.0
12000.0,Хендай,2.2,2022.0,дизель,4649000.0,199.0
347000.0,БМВ,2.5,2015.0,бензин,1140000.0,192.0
89651.0,Хендай,2.2,2020.0,дизель,3549000.0,200.0
125803.0,БМВ,2.0,2011.0,бензин,2749000.0,192.0
226340.0,Тойота,1.8,2006.0,бензин,700000.0,129.0
25500.0,ФАВ,1.5,2017.0,бензин,2050000.0,160.0
275452.0,Вольво,2.4,2010.0,дизель,1100000.0,175.0
350000.0,Тойота,1.6,1997.0,бензин,150000.0,106.0
108400.0,Хендай,1.6,2018.0,бензин,850000.0,123.0
269920.0,Форд,1.6,2010.0,бензин,465000.0,100.0
95070.0,LADA,1.6,2014.0,бензин,529990.0,106.0
260000.0,Лада,1.6,2015.0,бензин,150000.0,81.0
87172.0,Инфинити,2.5,2010.0,бензин,2349000.0,222.0
177000.0,БМВ,1.6,2013.0,бензин,1300000.0,136.0
18000.0,Киа,1.6,2015.0,бензин,3500000.0,180.0
132140.0,Киа,2.0,2019.0,бензин,2050000.0,150.0
112730.0,Фольксваген,1.4,2013.0,бензин,1200000.0,150.0
294000.0,Джип,3.6,2013.0,бензин,2049000.0,286.0
96000.0,Шевроле,1.7,2018.0,бензин,769000.0,80.0
110000.0,Ауди,2.0,2015.0,бензин,1790000.0,225.0
170000.0,Киа,1.6,2007.0,бензин,440000.0,122.0
350984.0,Киа,1.8,2007.0,бензин,829000.0,146.0
95096.0,Порше,3.0,2018.0,бензин,5470000.0,340.0
283336.0,Ауди,3.0,2016.0,бензин,2289000.0,333.0
202000.0,Рено,2.0,2018.0,бензин,1350000.0,143.0
123353.0,Киа,1.3,2021.0,бензин,1259000.0,84.0
145000.0,Шкода,1.6,2017.0,бензин,1150000.0,90.0
82743.0,Киа,2.0,2015.0,бензин,1870000.0,150.0
375907.0,Мицубиси,1.6,2002.0,бензин,285000.0,103.0
268000.0,Тойота,3.5,2014.0,бензин,2699000.0,249.0
241000.0,Хендай,1.6,2011.0,бензин,855000.0,142.0
190000.0,Тойота,1.6,2007.0,бензин,850000.0,124.0
91501.0,Шкода,1.4,2019.0,бензин,1517000.0,125.0
78162.0,Рено,1.3,2019.0,бензин,1685000.0,150.0
4847.0,Эксид,1.6,2022.0,бензин,2585000.0,186.0
64578.0,Киа,2.0,2019.0,дизель,2236000.0,186.0
194000.0,СсангЙонг,2.0,2014.0,дизель,899000.0,141.0
89000.0,Шкода,1.4,2020.0,бензин,2429000.0,125.0
177000.0,Киа,2.4,2018.0,бензин,2050000.0,188.0
148000.0,ИЖ,4.0,2015.0,бензин,150000.0,74.0
264000.0,Ленд,2.2,2008.0,дизель,749000.0,160.0
258000.0,Фольксваген,2.0,2010.0,бензин,1274990.0,170.0
356299.0,Киа,2.9,2009.0,дизель,690000.0,185.0
263458.0,СсангЙонг,2.0,2013.0,дизель,715000.0,149.0
34.0,Zeekr,1.8,2011.0,электро,7450000.0,146.0
142000.0,Хонда,1.5,2017.0,бензин,1250000.0,110.0
202339.0,Киа,1.6,2014.0,бензин,1004000.0,129.0
134000.0,Шевроле,1.5,2007.0,бензин,260000.0,86.0
95000.0,Peugeot,1.5,2015.0,дизель,1390000.0,102.0
175000.0,Тойота,1.4,2003.0,бензин,355000.0,97.0
66734.0,Тойота,2.5,2021.0,бензин,3759000.0,200.0
49500.0,Чанган,2.0,2023.0,бензин,3050000.0,226.0
145120.0,Ауди,1.4,2013.0,бензин,1090000.0,122.0
41398.0,БМВ,3.0,2014.0,дизель,6490000.0,249.0
215000.0,Ниссан,1.6,2007.0,бензин,399000.0,110.0
62805.0,Хендай,1.6,2018.0,бензин,1850000.0,121.0
173000.0,Рено,2.0,2018.0,бензин,1365000.0,143.0
228149.0,Ленд,2.2,2010.0,дизель,1350000.0,160.0
308000.0,Ниссан,1.6,2008.0,бензин,480000.0,107.0
122250.0,Рено,1.6,2014.0,бензин,639000.0,103.0
110000.0,Шевроле,1.0,2012.0,бензин,780000.0,68.0
100000.0,Мерседес,2.0,2018.0,бензин,3750000.0,184.0
140000.0,Хонда,1.3,2011.0,бензин,849000.0,100.0
280000.0,Ниссан,2.0,2012.0,дизель,1550000.0,150.0
89708.0,Фольксваген,1.4,2014.0,бензин,1479000.0,122.0
62000.0,БМВ,3.0,2015.0,бензин,2570500.0,306.0
270000.0,Мазда,1.6,2013.0,бензин,820000.0,105.0
177272.0,Мазда,1.6,2013.0,бензин,1180000.0,105.0
133000.0,Хонда,1.5,2016.0,бензин,1380000.0,132.0
120000.0,Чери,1.8,2011.0,бензин,593900.0,132.0
107000.0,Ауди,2.0,2015.0,дизель,4500000.0,190.0
65232.0,Мерседес,2.1,2019.0,дизель,3815000.0,170.0
59839.0,Хончи,1.5,2015.0,бензин,2749000.0,169.0
180000.0,Тойота,1.0,2016.0,бензин,970000.0,69.0
271000.0,Ауди,1.6,2014.0,бензин,510000.0,101.0
190150.0,Peugeot,1.6,2015.0,бензин,349000.0,150.0
171403.0,СсангЙонг,2.0,2008.0,дизель,888888.0,141.0
3500.0,Омода,1.5,2015.0,бензин,2050000.0,147.0
32000.0,Форд,2.3,2019.0,бензин,3161000.0,317.0
146000.0,Мицубиси,1.5,2018.0,бензин,1759000.0,150.0
110800.0,Киа,2.2,2019.0,дизель,2850500.0,200.0
228000.0,Рено,1.6,2011.0,бензин,399900.0,84.0
157310.0,БМВ,2.0,2015.0,дизель,2350000.0,190.0
182851.0,Хендай,2.4,2014.0,бензин,1879000.0,175.0
235900.0,Киа,2.0,2007.0,дизель,394900.0,140.0
154327.0,Ситроен,1.6,2013.0,бензин,649000.0,115.0
10.0,Киа,2.5,2024.0,бензин,6100777.0,179.0
247000.0,Ниссан,2.5,2001.0,бензин,300000.0,215.0
98000.0,БМВ,3.0,2016.0,бензин,2500000.0,306.0
215000.0,Тойота,1.8,2014.0,бензин,1200000.0,99.0
167368.0,LADA,1.6,2018.0,бензин,840000.0,106.0
74550.0,Ниссан,2.0,2017.0,бензин,2000000.0,144.0
90670.0,УАЗ,2.9,2015.0,бензин,299990.0,85.0
250000.0,Дэу,1.5,2001.0,бензин,100000.0,75.0
154232.0,Шевроле,1.8,2012.0,бензин,1539000.0,141.0
323000.0,Хонда,2.2,1997.0,бензин,830000.0,220.0
150000.0,Тойота,2.5,1998.0,бензин,1850000.0,280.0
157000.0,Ниссан,3.5,2013.0,бензин,1598000.0,249.0
153778.0,Киа,1.6,2015.0,бензин,1259000.0,129.0
360000.0,Peugeot,1.6,2015.0,бензин,495000.0,109.0
92333.0,Мазда,2.0,2015.0,бензин,2310000.0,150.0
256903.0,Додж,2.4,2002.0,бензин,199000.0,152.0
128360.0,Мазда,2.5,2016.0,бензин,2219000.0,194.0
144072.0,Ауди,3.0,2017.0,бензин,3849000.0,333.0
100000.0,Дайхатсу,2.8,1990.0,дизель,850000.0,87.0
253212.0,Ситроен,1.8,2014.0,бензин,535000.0,146.0
31000.0,Шкода,1.4,2020.0,бензин,2749000.0,150.0
77775.0,Хендай,1.6,2019.0,бензин,1649000.0,123.0
70000.0,Ягуар,2.0,2017.0,дизель,2799000.0,180.0
200000.0,Лада,1.6,2015.0,бензин,235000.0,89.0
20833.0,Датсун,1.6,2020.0,бензин,680000.0,87.0
210040.0,Шевроле,1.4,2009.0,бензин,595000.0,94.0
14300.0,Ауди,2.0,2015.0,бензин,5930000.0,265.0
34000.0,Джак,1.5,2017.0,бензин,1730000.0,150.0
355000.0,Лада,1.5,2015.0,бензин,150000.0,77.0
156000.0,LADA,1.6,2010.0,бензин,300000.0,98.0
119700.0,Ауди,2.0,2014.0,бензин,3095000.0,190.0
121112.0,LADA,1.6,2018.0,бензин,1024000.0,106.0
11000.0,Киа,2.2,2022.0,дизель,6000000.0,199.0
280000.0,Хонда,2.0,1997.0,бензин,650000.0,133.0
167032.0,БМВ,2.0,2013.0,бензин,1868000.0,245.0
193000.0,Лексус,3.5,2015.0,бензин,1994251.0,277.0
413000.0,Мазда,1.8,2000.0,бензин,265000.0,135.0
165891.0,Лифан,1.5,2010.0,бензин,584000.0,103.0
315000.0,Шкода,1.6,2015.0,бензин,690000.0,110.0
119572.0,Хендай,1.6,2015.0,бензин,1050000.0,123.0
195000.0,Опель,1.4,2012.0,бензин,890000.0,140.0
168585.0,Мицубиси,2.0,2013.0,бензин,1300000.0,146.0
373654.0,Ниссан,3.5,2012.0,бензин,890000.0,249.0
183000.0,Киа,2.4,2017.0,бензин,2700000.0,188.0
195920.0,Мицубиси,3.0,2013.0,бензин,1690000.0,230.0
200000.0,LADA,1.6,2019.0,бензин,750000.0,87.0
251232.0,Киа,1.8,2014.0,бензин,1575000.0,146.0
260000.0,Форд,1.6,2008.0,бензин,450000.0,115.0
119576.0,Рено,1.3,2019.0,бензин,1511000.0,150.0
239000.0,Шевроле,3.2,2007.0,бензин,1065000.0,230.0
228300.0,Форд,1.6,2008.0,бензин,564990.0,125.0
278662.0,Вольво,2.4,2010.0,дизель,1634000.0,163.0
218650.0,Тойота,1.3,2006.0,бензин,555000.0,87.0
390000.0,Ауди,2.8,2018.0,бензин,530000.0,174.0
153936.0,Фольксваген,2.0,2012.0,бензин,1370000.0,170.0
107.0,Хонда,1.5,2010.0,бензин,1199999.0,118.0
16645.0,Чери,1.5,2018.0,бензин,3200000.0,147.0
232000.0,БМВ,2.0,2013.0,дизель,2120000.0,184.0
148350.0,LADA,1.6,2010.0,бензин,360000.0,98.0
80851.0,Хендай,2.0,2019.0,бензин,1610000.0,150.0
154000.0,Киа,1.6,2013.0,бензин,1210000.0,129.0
107.0,Тойота,2.0,2024.0,бензин,4520000.0,173.0
470000.0,БМВ,2.9,2015.0,дизель,870000.0,184.0
109100.0,Шкода,1.5,2019.0,бензин,2049000.0,130.0
1100.0,Форд,2.3,2024.0,дизель,6800000.0,183.0
